{
  "project_info": {
    "project_number": "924602097497",
    "project_id": "firebase-sadn"
  },
  "client": [
    {
      "client_info": {
        "mobilesdk_app_id": "1:924602097497:android:24ee4a0695fa357e",
        "android_client_info": {
          "package_name": "com.smartcoder.saden"
        }
      },
      "oauth_client": [
        {
          "client_id": "924602097497-cik4nabrceuqutr9nqsc5jt003gkm1pn.apps.googleusercontent.com",
          "client_type": 1,
          "android_info": {
            "package_name": "com.smartcoder.saden",
            "certificate_hash": "ea11c1110abbbc336855eb7cfc9db0abf171dce9"
          }
        },
        {
          "client_id": "924602097497-7rtajo07462pb01h4e3ikef0hi4lo67k.apps.googleusercontent.com",
          "client_type": 3
        }
      ],
      "api_key": [
        {
          "current_key": "AIzaSyDoCNmub7Bpjx1eyFq6PahBwfW2cM0piHs"
        }
      ],
      "services": {
        "analytics_service": {
          "status": 1
        },
        "appinvite_service": {
          "status": 1,
          "other_platform_oauth_client": []
        },
        "ads_service": {
          "status": 1
        }
      }
    }
  ],
  "configuration_version": "1"
}